Metric,Value
Accuracy,0.8493286921929388
DP_Gender,0.18030480304803048
DP_Race,0.19506048387096775
