sex,Actual_High_Income_Rate,Predicted_High_Income_Rate,Bias_Gap
Female,0.11941056910569106,0.09349593495934959,-0.025914634146341473
Male,0.3116851168511685,0.2738007380073801,-0.037884378843788424
