Model,Accuracy,DP_Difference
Logistic Regression,0.8475053870379579,0.16982344823448237
Random Forest,0.8493286921929388,0.18030480304803048
